name,channel_id,handle
Jamuna TV,UC2qb5FD5IRnXEP4CBdt7PvA,@JamunaTVbd
Somoy TV,UCxHoBXkY88Tb8z1Ssj6CWsQ,@somoynews360
News24,UCPREnbhKQP-hsVfsfKP-mCw,@NEWS24TV
Channel 24,UCHLqIOMPk20w-6cFgkA90jw,@channel24digital
Ekattor TV,UCAtZPJrBUHZxoXxHSDtUoPQ,@EkattorTelevision
Independent Television,UCATUkaOHwO9EP_W87zCiPbA,@IndependentTelevision
Rtv News,UC2PvBto6gvSLVub6CdwaivA,@RtvNews
ATN Bangla News,UCbgcYEdMsuypG2NJ-znBp3w,@ATNBanglanews
BanglaVision NEWS,UCA4y9g_GRdNrZLH_u5LLSdw,@BanglaVisionNEWS
NTV News,UCUDQdVsKssximyFwg4IxnOQ,@NTVlatestnews
